<?xml version="1.0" encoding="UTF-8"?>
<metadata xml:lang="en"><Esri><CreaDate>20151005</CreaDate><CreaTime>12563900</CreaTime><ArcGISFormat>1.0</ArcGISFormat><SyncOnce>TRUE</SyncOnce><DataProperties><itemProps><itemLocation><linkage Sync="TRUE">file://\\fs.nd.edu\~msisk1\Teaching\GIS_ND_S2015\Data\Lab06_Data\Soils_NotreDame</linkage><protocol Sync="TRUE">Local Area Network</protocol></itemLocation></itemProps><copyHistory><copy source="N:\Teaching\GIS_ND_S2015\Data\Lab06_Data\Lab06\Soils_NotreDame" dest="\\fs.nd.edu\~msisk1\Teaching\GIS_ND_S2015\Data\Lab06_Data\Soils_NotreDame" date="20151005" time="12563900"></copy></copyHistory></DataProperties></Esri></metadata>
