<?xml version="1.0" encoding="UTF-8"?>
<metadata xml:lang="en"><Esri><CreaDate>20140326</CreaDate><CreaTime>12414100</CreaTime><ArcGISFormat>1.0</ArcGISFormat><SyncOnce>TRUE</SyncOnce><DataProperties><lineage><Process ToolSource="c:\program files (x86)\arcgis\desktop10.1\ArcToolbox\Toolboxes\Data Management Tools.tbx\CreateRandomPoints" Date="20140326" Time="121053">CreateRandomPoints C:\Users\msisk1\Documents\Teaching\GIS_ND_S2014\DataInProgress\Topo randompoints.shp Extent "0 0 250 250" 10000 "0 Meters" POINT 0</Process><Process ToolSource="c:\program files (x86)\arcgis\desktop10.1\ArcToolbox\Toolboxes\Spatial Analyst Tools.tbx\ExtractValuesToPoints" Date="20140326" Time="121233">ExtractValuesToPoints randompoints SRTM_Michiana_UTM.tif C:\Users\msisk1\Documents\Teaching\GIS_ND_S2014\DataInProgress\Topo\randompointswithelev.shp NONE VALUE_ONLY</Process><Process ToolSource="c:\program files (x86)\arcgis\desktop10.1\ArcToolbox\Toolboxes\Data Management Tools.tbx\CalculateField" Date="20140326" Time="121848">CalculateField randompointswithelev Elev [RASTERVALU] VB #</Process><Process ToolSource="c:\program files (x86)\arcgis\desktop10.1\ArcToolbox\Toolboxes\Spatial Analyst Tools.tbx\ExtractValuesToPoints" Date="20140326" Time="123614">ExtractValuesToPoints Michiana_ElevationPoints tin03_nopoi_ C:\Users\msisk1\Documents\Teaching\GIS_ND_S2014\DataInProgress\Topo\Lab07_DemoData\Michiana_ElevationPoints02.shp NONE VALUE_ONLY</Process><Process ToolSource="c:\program files (x86)\arcgis\desktop10.1\ArcToolbox\Toolboxes\Data Management Tools.tbx\CalculateField" Date="20140326" Time="123852">CalculateField Michiana_ElevationPoints02 RASTERVALU 225 VB #</Process></lineage></DataProperties></Esri></metadata>
