<?xml version="1.0" encoding="UTF-8"?>
<metadata xml:lang="en"><Esri><CreaDate>20140326</CreaDate><CreaTime>11491000</CreaTime><ArcGISFormat>1.0</ArcGISFormat><SyncOnce>TRUE</SyncOnce><DataProperties><itemProps><itemLocation><linkage Sync="TRUE">file://\\LIB-1755\C$\Users\msisk1\Documents\Teaching\GIS_ND_S2014\DataInProgress\Topo\Lab07_DemoData\SRTM_Michiana_UTM.tif</linkage><protocol Sync="TRUE">Local Area Network</protocol></itemLocation></itemProps><copyHistory><copy source="C:\Users\msisk1\Documents\Teaching\GIS_ND_S2014\DataInProgress\Topo\SRTM_Michiana_UTM.tif" dest="\\LIB-1755\C$\Users\msisk1\Documents\Teaching\GIS_ND_S2014\DataInProgress\Topo\Lab07_DemoData\SRTM_Michiana_UTM.tif" date="20140326" time="11491000"></copy></copyHistory></DataProperties></Esri></metadata>
