<?xml version="1.0" encoding="UTF-8"?>
<metadata xml:lang="en"><Esri><CreaDate>20140408</CreaDate><CreaTime>12180800</CreaTime><ArcGISFormat>1.0</ArcGISFormat><SyncOnce>TRUE</SyncOnce><DataProperties><lineage><Process ToolSource="c:\program files (x86)\arcgis\desktop10.1\ArcToolbox\Toolboxes\3D Analyst Tools.tbx\CreateTin" Date="20140326" Time="131433">CreateTin C:\Users\msisk1\Documents\Teaching\GIS_ND_S2014\DataInProgress\Topo\Lab07_DemoData\walkthrough\TIN_NotreDame # "NotreDame_Spot_Elevations Elev Mass_Points &lt;None&gt;;NotreDame_contours Contour Soft_Line &lt;None&gt;;NotreDame_Water &lt;None&gt; Soft_Replace &lt;None&gt;" DELAUNAY</Process></lineage><itemProps><itemLocation><linkage Sync="TRUE">file://\\LIB-1755\C$\Users\msisk1\Documents\Teaching\GIS_ND_S2014\DataInProgress\Lab10_DemoData\tin_notredame</linkage><protocol Sync="TRUE">Local Area Network</protocol></itemLocation></itemProps><copyHistory><copy source="C:\Users\msisk1\Documents\Teaching\GIS_ND_S2014\DataInProgress\Topo\Lab07_DemoData\walkthrough\tin_notredame" dest="\\LIB-1755\C$\Users\msisk1\Documents\Teaching\GIS_ND_S2014\DataInProgress\Lab10_DemoData\tin_notredame" date="20140408" time="12180800"></copy></copyHistory></DataProperties></Esri></metadata>
