<?xml version="1.0" encoding="UTF-8"?>
<metadata xml:lang="en"><Esri><CreaDate>20140414</CreaDate><CreaTime>09542800</CreaTime><ArcGISFormat>1.0</ArcGISFormat><SyncOnce>TRUE</SyncOnce><DataProperties><lineage><Process ToolSource="c:\program files (x86)\arcgis\desktop10.1\ArcToolbox\Toolboxes\Data Management Tools.tbx\AddXY" Date="20140414" Time="095352">AddXY NotreDame_GPSPoints</Process><Process ToolSource="c:\program files (x86)\arcgis\desktop10.1\ArcToolbox\Toolboxes\Spatial Analyst Tools.tbx\ExtractValuesToPoints" Date="20140414" Time="095428">ExtractValuesToPoints NotreDame_GPSPoints NotreDame_DEM.tif C:\Users\msisk1\Documents\Teaching\GIS_ND_S2014\DataInProgress\Lab10_DemoData\NotreDame_GPSPoints-2.shp NONE VALUE_ONLY</Process><Process ToolSource="c:\program files (x86)\arcgis\desktop10.1\ArcToolbox\Toolboxes\Data Management Tools.tbx\CalculateField" Date="20140414" Time="095555">CalculateField NotreDame_GPSPoints-2 Northing [POINT_Y] VB #</Process><Process ToolSource="c:\program files (x86)\arcgis\desktop10.1\ArcToolbox\Toolboxes\Data Management Tools.tbx\CalculateField" Date="20140414" Time="095602">CalculateField NotreDame_GPSPoints-2 Easting [POINT_X] VB #</Process><Process ToolSource="c:\program files (x86)\arcgis\desktop10.1\ArcToolbox\Toolboxes\Data Management Tools.tbx\CalculateField" Date="20140414" Time="095617">CalculateField NotreDame_GPSPoints-2 Elevation "[RASTERVALU] + 2" VB #</Process></lineage></DataProperties></Esri></metadata>
