<PAMDataset>
  <Metadata domain="IMAGE_STRUCTURE">
    <MDI key="SOURCE_COLOR_SPACE">YCbCr</MDI>
    <MDI key="INTERLEAVE">PIXEL</MDI>
    <MDI key="COMPRESSION">JPEG</MDI>
  </Metadata>
  <Metadata domain="Esri">
    <MDI key="PyramidResamplingType">NEAREST</MDI>
  </Metadata>
  <Metadata domain="xml:ESRI" format="xml">
    <GeodataXform xsi:type="typens:PolynomialXform" xmlns:xsi="http://www.w3.org/2001/XMLSchema-instance" xmlns:xs="http://www.w3.org/2001/XMLSchema" xmlns:typens="http://www.esri.com/schemas/ArcGIS/10.1">
      <PolynomialOrder>1</PolynomialOrder>
      <SpatialReference xsi:type="typens:ProjectedCoordinateSystem">
        <WKT>PROJCS[&quot;WGS_1984_UTM_Zone_16N&quot;,GEOGCS[&quot;GCS_WGS_1984&quot;,DATUM[&quot;D_WGS_1984&quot;,SPHEROID[&quot;WGS_1984&quot;,6378137.0,298.257223563]],PRIMEM[&quot;Greenwich&quot;,0.0],UNIT[&quot;Degree&quot;,0.0174532925199433]],PROJECTION[&quot;Transverse_Mercator&quot;],PARAMETER[&quot;false_easting&quot;,500000.0],PARAMETER[&quot;false_northing&quot;,0.0],PARAMETER[&quot;central_meridian&quot;,-87.0],PARAMETER[&quot;scale_factor&quot;,0.9996],PARAMETER[&quot;latitude_of_origin&quot;,0.0],UNIT[&quot;Meter&quot;,1.0],AUTHORITY[&quot;EPSG&quot;,32616]]</WKT>
        <XOrigin>-5120900</XOrigin>
        <YOrigin>-9998100</YOrigin>
        <XYScale>450445547.3910538</XYScale>
        <ZOrigin>-100000</ZOrigin>
        <ZScale>10000</ZScale>
        <MOrigin>-100000</MOrigin>
        <MScale>10000</MScale>
        <XYTolerance>0.001</XYTolerance>
        <ZTolerance>0.001</ZTolerance>
        <MTolerance>0.001</MTolerance>
        <HighPrecision>true</HighPrecision>
        <WKID>32616</WKID>
        <LatestWKID>32616</LatestWKID>
      </SpatialReference>
      <CoeffX xsi:type="typens:ArrayOfDouble">
        <Double>558826.60377994273</Double>
        <Double>4.7270211986044863</Double>
        <Double>0.00095853133783228167</Double>
      </CoeffX>
      <CoeffY xsi:type="typens:ArrayOfDouble">
        <Double>4621732.3623754755</Double>
        <Double>-0.00095853133783228167</Double>
        <Double>4.7270211986044863</Double>
      </CoeffY>
      <InverseCoeffX xsi:type="typens:ArrayOfDouble">
        <Double>-118021.34499103462</Double>
        <Double>0.21154970897458567</Double>
        <Double>-4.2897422508133792e-005</Double>
      </InverseCoeffX>
      <InverseCoeffY xsi:type="typens:ArrayOfDouble">
        <Double>-977750.10843988718</Double>
        <Double>4.289742250813331e-005</Double>
        <Double>0.21154970897458567</Double>
      </InverseCoeffY>
      <Name />
    </GeodataXform>
  </Metadata>
</PAMDataset>
