<?xml version="1.0" encoding="UTF-8"?>
<metadata xml:lang="en"><Esri><CreaDate>20140303</CreaDate><CreaTime>11001500</CreaTime><ArcGISFormat>1.0</ArcGISFormat><SyncOnce>TRUE</SyncOnce><DataProperties><itemProps><itemLocation><linkage Sync="TRUE">file://\\LIB-1755\C$\Temp\IN_Places</linkage><protocol Sync="TRUE">Local Area Network</protocol></itemLocation></itemProps><copyHistory><copy source="N:\Teaching\Workshops\IntroToGIS\Exercise\GIS_ExerciseData_Indiana\IN_Places" dest="\\LIB-1755\C$\Temp\IN_Places" date="20140303" time="10561800"></copy></copyHistory></DataProperties></Esri></metadata>
