<?xml version="1.0" encoding="UTF-8"?>
<metadata xml:lang="en"><Esri><CreaDate>20140408</CreaDate><CreaTime>12190700</CreaTime><ArcGISFormat>1.0</ArcGISFormat><SyncOnce>TRUE</SyncOnce><DataProperties><lineage><Process ToolSource="c:\program files (x86)\arcgis\desktop10.1\ArcToolbox\Toolboxes\Spatial Analyst Tools.tbx\StreamToFeature" Date="20140408" Time="115023">StreamToFeature Michiana_StreamOrder.tif Michiana_FlowDir_Filled.tif C:\Users\msisk1\Documents\Teaching\GIS_ND_S2014\DataInProgress\Lab09_DemoData\Walkthrough\Michiana_DrainagePaths.shp SIMPLIFY</Process></lineage><itemProps><itemLocation><linkage Sync="TRUE">file://\\LIB-1755\C$\Users\msisk1\Documents\Teaching\GIS_ND_S2014\DataInProgress\Lab10_DemoData\michiana_drainagepaths</linkage><protocol Sync="TRUE">Local Area Network</protocol></itemLocation></itemProps><copyHistory><copy source="C:\Users\msisk1\Documents\Teaching\GIS_ND_S2014\DataInProgress\Lab09_DemoData\Walkthrough\michiana_drainagepaths" dest="\\LIB-1755\C$\Users\msisk1\Documents\Teaching\GIS_ND_S2014\DataInProgress\Lab10_DemoData\michiana_drainagepaths" date="20140408" time="12190700"></copy></copyHistory></DataProperties></Esri></metadata>
