<?xml version="1.0" encoding="UTF-8"?>
<metadata xml:lang="en"><Esri><CreaDate>20140408</CreaDate><CreaTime>12180800</CreaTime><ArcGISFormat>1.0</ArcGISFormat><SyncOnce>TRUE</SyncOnce><DataProperties><lineage><Process ToolSource="c:\program files (x86)\arcgis\desktop10.1\ArcToolbox\Toolboxes\3D Analyst Tools.tbx\TinRaster" Date="20140326" Time="131529">TinRaster tin_notredame C:\Users\msisk1\Documents\Teaching\GIS_ND_S2014\DataInProgress\Topo\Lab07_DemoData\walkthrough\NotreDame_DEM.tif FLOAT LINEAR "OBSERVATIONS 250" 1</Process></lineage><itemProps><itemLocation><linkage Sync="TRUE">file://\\LIB-1755\C$\Users\msisk1\Documents\Teaching\GIS_ND_S2014\DataInProgress\Lab10_DemoData\NotreDame_DEM.tif</linkage><protocol Sync="TRUE">Local Area Network</protocol></itemLocation></itemProps><copyHistory><copy source="C:\Users\msisk1\Documents\Teaching\GIS_ND_S2014\DataInProgress\Topo\Lab07_DemoData\walkthrough\NotreDame_DEM.tif" dest="\\LIB-1755\C$\Users\msisk1\Documents\Teaching\GIS_ND_S2014\DataInProgress\Lab10_DemoData\NotreDame_DEM.tif" date="20140408" time="12180800"></copy></copyHistory></DataProperties></Esri></metadata>
